file,protein,pep,mw,z_charge,tim,chisq,symb,mz,B,OFF,GW,AMP_U,AMP_L,FRC_NX                                                                                                                              
peaks/S17_0_761.43099_21.004,17,SWTLVR, 761.431, 1,0  , 0.60901E+08,19, 761.431, 0.20691E+03, 0.76491E-02, 0.50962E-02, 0.14483E+01, 0.40447E+01, 0.82587E+00,
peaks/S13_0_1241.71052_24.605,13,AILAAAGIAEDVK,1241.710, 1,0  , 0.70032E+07,19,1241.710, 0.11791E+03, 0.17132E-01, 0.36626E-02, 0.48689E+00, 0.13592E+01, 0.82186E+00,
peaks/S19_0_431.4718063_22.027,19,QHVPVFVTDEMVGHK,1725.887, 4,0  , 0.64476E+08,19, 431.472, 0.44027E+03, 0.13958E-01, 0.17910E-02, 0.26712E+01, 0.74726E+01, 0.82599E+00,
